newContrTax,newCap,Costing_bn
15%,0,18.7131975432785
15%,11000,3.67747876907117
15%,15000,1.93652117180168
15%,20000,0.707714284763322
mr - 15%,0,18.7131975432785
mr - 15%,11000,7.6171018194946
mr - 15%,15000,6.56788870123246
mr - 15%,20000,5.9170210670921
mr - 20%,0,18.7131975432785
mr - 20%,11000,4.07116784672717
mr - 20%,15000,2.64373601863848
mr - 20%,20000,1.69043266912802
