balC,apraC,Costing_bn
1600000,balance,4.85924812314249
1600000,none,2.63794310113499
1600000,weight,3.55476420191231
2e+06,balance,3.94745616492166
2e+06,none,2.08075287164837
2e+06,weight,2.8039216683557
3200000,balance,2.25677134961942
3200000,none,1.23053854719065
3200000,weight,1.65821407396711
